{"train_mse": 4.784222760124857, "_timestamp": 1706168685.2072394, "_runtime": 15.501534461975098, "_step": 5, "test_mse": 4.8952289380525285, "_wandb": {"runtime": 12}}