{"train_mse": 4.783973482617787, "_timestamp": 1706166547.1675315, "_runtime": 29.967377424240112, "_step": 5, "test_mse": 4.892849648398076, "_wandb": {"runtime": 16}}