{"train_mse": 4.784222760124857, "_timestamp": 1706168512.049424, "_runtime": 17.694394826889038, "_step": 5, "test_mse": 4.8952289380525285, "_wandb": {"runtime": 14}}