{"model": "DecisionTreeRegressor", "_timestamp": 1706166131.9550083, "_runtime": 17.10663938522339, "_step": 0, "_wandb": {"runtime": 10}}