{"model": "DecisionTreeRegressor", "_timestamp": 1706166056.5931735, "_runtime": 15.040056467056274, "_step": 0, "_wandb": {"runtime": 10}}