{"_wandb": {"runtime": 10}, "train_mse": 4.783973482617787, "_timestamp": 1706165841.7988813, "test_mse": 4.892849648398076, "_runtime": 15.793764352798462, "_step": 0}